{"NotificationRules":{"notificationRules":[{"NotificationRule":[{"id":{"@UUID":"62d817a3-ad96-4189-9fba-a013df4094bb","@ObjectType":"NOTIFICATION_RULE"},"Name":"Checks if disks are healthy","Description":"","PluginID":{"@pluginType":"StandardEmailPlugin","@pluginName":"Alert Mail Relay"},"PluginType":"StandardEmailPlugin","entry":[{"ConditionType":"RESOURCEKIND","NotificationRuleResourceKindCondition":{"ResourceKindKeys":[{"ResourceKindKey":{"@resourceKind":"HostSystem","@adapterKind":"VMWARE"}}]}},{"ConditionType":"ALERT_DEFINITION_ID","NotificationRuleAlertDefinitionCondition":{"AlertDefinitionIds":[{"AlertDefinitionID":"AlertDefinition-1866552b-6b74-4f4e-a759-6a45f922985b"}]}}],"PluginNotificationProperty":{"PropertyName":"emailaddr","PropertyValue":"asmith@rainpole.io"},"Disabled":false},{"id":{"@UUID":"146bb855-77c2-4cde-853e-58a575772a7d","@ObjectType":"NOTIFICATION_RULE"},"Name":"Controller firmware is VMware certified check failed","Description":"","PluginID":{"@pluginType":"StandardEmailPlugin","@pluginName":"Alert Mail Relay"},"PluginType":"StandardEmailPlugin","entry":[{"ConditionType":"RESOURCEKIND","NotificationRuleResourceKindCondition":{"ResourceKindKeys":[{"ResourceKindKey":{"@resourceKind":"ClusterComputeResource","@adapterKind":"VMWARE"}}]}},{"ConditionType":"ALERT_DEFINITION_ID","NotificationRuleAlertDefinitionCondition":{"AlertDefinitionIds":[{"AlertDefinitionID":"AlertDefinition-b9045a0a-556a-40f5-8fb2-d3d03b451b99"}]}}],"PluginNotificationProperty":{"PropertyName":"emailaddr","PropertyValue":"asmith@rainpole.io"},"Disabled":false},{"id":{"@UUID":"4b73d747-fbcc-443d-8530-ecce4b2b3272","@ObjectType":"NOTIFICATION_RULE"},"Name":"Edge transport node(s) in down or unknown state.","Description":"","PluginID":{"@pluginType":"StandardEmailPlugin","@pluginName":"Alert Mail Relay"},"PluginType":"StandardEmailPlugin","entry":[{"ConditionType":"RESOURCEKIND","NotificationRuleResourceKindCondition":{"ResourceKindKeys":[{"ResourceKindKey":{"@resourceKind":"NSXTAdapterInstance","@adapterKind":"NSXTAdapter"}}]}},{"ConditionType":"ALERT_DEFINITION_ID","NotificationRuleAlertDefinitionCondition":{"AlertDefinitionIds":[{"AlertDefinitionID":"AlertDefinition-f3a741b5-e0b0-45ca-806a-8b0d3d103e49"}]}}],"PluginNotificationProperty":{"PropertyName":"emailaddr","PropertyValue":"asmith@rainpole.io"},"Disabled":false},{"id":{"@UUID":"756aef73-60f7-462f-b1f0-20eaf6f642cb","@ObjectType":"NOTIFICATION_RULE"},"Name":"Backup is more than 3 days old.","Description":"","PluginID":{"@pluginType":"StandardEmailPlugin","@pluginName":"Alert Mail Relay"},"PluginType":"StandardEmailPlugin","entry":{"ConditionType":"RESOURCEKIND","NotificationRuleResourceKindCondition":{"ResourceKindKeys":[{"ResourceKindKey":{"@resourceKind":"VirtualMachine","@adapterKind":"VMWARE"}}]}},"PluginNotificationProperty":{"PropertyName":"emailaddr","PropertyValue":"asmith@rainpole.io"},"Disabled":false},{"id":{"@UUID":"6f4631ce-5df9-4f16-95b4-bf47fd02046b","@ObjectType":"NOTIFICATION_RULE"},"Name":"Host Forward and Reverse DNS records configuration","Description":"","PluginID":{"@pluginType":"StandardEmailPlugin","@pluginName":"Alert Mail Relay"},"PluginType":"StandardEmailPlugin","entry":[{"ConditionType":"RESOURCEKIND","NotificationRuleResourceKindCondition":{"ResourceKindKeys":[{"ResourceKindKey":{"@resourceKind":"HostSystem","@adapterKind":"VMWARE"}}]}},{"ConditionType":"ALERT_DEFINITION_ID","NotificationRuleAlertDefinitionCondition":{"AlertDefinitionIds":[{"AlertDefinitionID":"AlertDefinition-6ec9f33d-852f-48bd-bb23-caa1cc500cc6"}]}}],"PluginNotificationProperty":{"PropertyName":"emailaddr","PropertyValue":"asmith@rainpole.io"},"Disabled":false},{"id":{"@UUID":"600bfe83-e703-467a-96fd-833c8f32185a","@ObjectType":"NOTIFICATION_RULE"},"Name":"Controller disk group mode is VMware certified check failed","Description":"","PluginID":{"@pluginType":"StandardEmailPlugin","@pluginName":"Alert Mail Relay"},"PluginType":"StandardEmailPlugin","entry":[{"ConditionType":"RESOURCEKIND","NotificationRuleResourceKindCondition":{"ResourceKindKeys":[{"ResourceKindKey":{"@resourceKind":"ClusterComputeResource","@adapterKind":"VMWARE"}}]}},{"ConditionType":"ALERT_DEFINITION_ID","NotificationRuleAlertDefinitionCondition":{"AlertDefinitionIds":[{"AlertDefinitionID":"AlertDefinition-cb8874bb-3ede-4d6a-88d8-3f7973fe2e14"}]}}],"PluginNotificationProperty":{"PropertyName":"emailaddr","PropertyValue":"asmith@rainpole.io"},"Disabled":false},{"id":{"@UUID":"14908539-2ec4-4ffe-9ae7-4d8955ba6600","@ObjectType":"NOTIFICATION_RULE"},"Name":"Latest snapshot is greater than 1 day old.","Description":"","PluginID":{"@pluginType":"StandardEmailPlugin","@pluginName":"Alert Mail Relay"},"PluginType":"StandardEmailPlugin","entry":[{"ConditionType":"RESOURCEKIND","NotificationRuleResourceKindCondition":{"ResourceKindKeys":[{"ResourceKindKey":{"@resourceKind":"NSXTAdapterInstance","@adapterKind":"NSXTAdapter"}}]}},{"ConditionType":"ALERT_DEFINITION_ID","NotificationRuleAlertDefinitionCondition":{"AlertDefinitionIds":[{"AlertDefinitionID":"AlertDefinition-42d76a7c-3958-47bd-a6bb-ba8e76adbc3c"}]}}],"PluginNotificationProperty":{"PropertyName":"emailaddr","PropertyValue":"asmith@rainpole.io"},"Disabled":false},{"id":{"@UUID":"4cb1c696-319c-4a18-abf6-04bd87fec72e","@ObjectType":"NOTIFICATION_RULE"},"Name":"Controller driver is VMware certified check failed","Description":"","PluginID":{"@pluginType":"StandardEmailPlugin","@pluginName":"Alert Mail Relay"},"PluginType":"StandardEmailPlugin","entry":[{"ConditionType":"RESOURCEKIND","NotificationRuleResourceKindCondition":{"ResourceKindKeys":[{"ResourceKindKey":{"@resourceKind":"ClusterComputeResource","@adapterKind":"VMWARE"}}]}},{"ConditionType":"ALERT_DEFINITION_ID","NotificationRuleAlertDefinitionCondition":{"AlertDefinitionIds":[{"AlertDefinitionID":"AlertDefinition-488891f4-3067-45e6-9602-3cb77e9eb1b9"}]}}],"PluginNotificationProperty":{"PropertyName":"emailaddr","PropertyValue":"asmith@rainpole.io"},"Disabled":false},{"id":{"@UUID":"046e4d58-f56e-4bc8-b750-97bc6bc439b7","@ObjectType":"NOTIFICATION_RULE"},"Name":"Host transport node tunnel is down or in unknown state.","Description":"","PluginID":{"@pluginType":"StandardEmailPlugin","@pluginName":"Alert Mail Relay"},"PluginType":"StandardEmailPlugin","entry":{"ConditionType":"RESOURCEKIND","NotificationRuleResourceKindCondition":{"ResourceKindKeys":[{"ResourceKindKey":{"@resourceKind":"NSXTAdapterInstance","@adapterKind":"NSXTAdapter"}}]}},"PluginNotificationProperty":{"PropertyName":"emailaddr","PropertyValue":"asmith@rainpole.io"},"Disabled":false},{"id":{"@UUID":"77af8f4a-8d41-4ad3-bd1f-bd11c2b0a6b6","@ObjectType":"NOTIFICATION_RULE"},"Name":"Latest snapshot is greater than 3 days old. A single snapshot exists.","Description":"","PluginID":{"@pluginType":"StandardEmailPlugin","@pluginName":"Alert Mail Relay"},"PluginType":"StandardEmailPlugin","entry":[{"ConditionType":"RESOURCEKIND","NotificationRuleResourceKindCondition":{"ResourceKindKeys":[{"ResourceKindKey":{"@resourceKind":"VirtualMachine","@adapterKind":"VMWARE"}}]}},{"ConditionType":"ALERT_DEFINITION_ID","NotificationRuleAlertDefinitionCondition":{"AlertDefinitionIds":[{"AlertDefinitionID":"AlertDefinition-195f7257-d683-4d8a-895b-0733450689af"}]}}],"PluginNotificationProperty":{"PropertyName":"emailaddr","PropertyValue":"asmith@rainpole.io"},"Disabled":false},{"id":{"@UUID":"4cd8c226-153c-4af3-8a22-7ec240ad9c70","@ObjectType":"NOTIFICATION_RULE"},"Name":"Host transport node(s) in degraded state.","Description":"","PluginID":{"@pluginType":"StandardEmailPlugin","@pluginName":"Alert Mail Relay"},"PluginType":"StandardEmailPlugin","entry":[{"ConditionType":"RESOURCEKIND","NotificationRuleResourceKindCondition":{"ResourceKindKeys":[{"ResourceKindKey":{"@resourceKind":"NSXTAdapterInstance","@adapterKind":"NSXTAdapter"}}]}},{"ConditionType":"ALERT_DEFINITION_ID","NotificationRuleAlertDefinitionCondition":{"AlertDefinitionIds":[{"AlertDefinitionID":"AlertDefinition-d75aa2ef-ec76-4bba-8a7f-e19e251c2717"}]}}],"PluginNotificationProperty":{"PropertyName":"emailaddr","PropertyValue":"asmith@rainpole.io"},"Disabled":false},{"id":{"@UUID":"a2322aee-008a-4baf-b28a-9998c7fd5792","@ObjectType":"NOTIFICATION_RULE"},"Name":"Bidirectional forwarding is down or in unknown state on host","Description":"","PluginID":{"@pluginType":"StandardEmailPlugin","@pluginName":"Alert Mail Relay"},"PluginType":"StandardEmailPlugin","entry":[{"ConditionType":"RESOURCEKIND","NotificationRuleResourceKindCondition":{"ResourceKindKeys":[{"ResourceKindKey":{"@resourceKind":"NSXTAdapterInstance","@adapterKind":"NSXTAdapter"}}]}},{"ConditionType":"ALERT_DEFINITION_ID","NotificationRuleAlertDefinitionCondition":{"AlertDefinitionIds":[{"AlertDefinitionID":"AlertDefinition-ddf56cbd-dcf1-4ae1-89d9-c36b8bcfc39b"}]}}],"PluginNotificationProperty":{"PropertyName":"emailaddr","PropertyValue":"asmith@rainpole.io"},"Disabled":false},{"id":{"@UUID":"5d23dc9d-c85d-4fc0-a7ab-21e83a9ded52","@ObjectType":"NOTIFICATION_RULE"},"Name":"Host Certificate expiry","Description":"","PluginID":{"@pluginType":"StandardEmailPlugin","@pluginName":"Alert Mail Relay"},"PluginType":"StandardEmailPlugin","entry":[{"ConditionType":"RESOURCEKIND","NotificationRuleResourceKindCondition":{"ResourceKindKeys":[{"ResourceKindKey":{"@resourceKind":"HostSystem","@adapterKind":"VMWARE"}}]}},{"ConditionType":"ALERT_DEFINITION_ID","NotificationRuleAlertDefinitionCondition":{"AlertDefinitionIds":[{"AlertDefinitionID":"AlertDefinition-e78a858f-6105-4c85-a783-36ea444e815d"}]}}],"PluginNotificationProperty":{"PropertyName":"emailaddr","PropertyValue":"asmith@rainpole.io"},"Disabled":false},{"id":{"@UUID":"ae1cd6bd-24a1-45a2-b290-4f7d70bbb921","@ObjectType":"NOTIFICATION_RULE"},"Name":"Backup is located on the SDDC Manager.","Description":"","PluginID":{"@pluginType":"StandardEmailPlugin","@pluginName":"Alert Mail Relay"},"PluginType":"StandardEmailPlugin","entry":[{"ConditionType":"RESOURCEKIND","NotificationRuleResourceKindCondition":{"ResourceKindKeys":[{"ResourceKindKey":{"@resourceKind":"VirtualMachine","@adapterKind":"VMWARE"}}]}},{"ConditionType":"ALERT_DEFINITION_ID","NotificationRuleAlertDefinitionCondition":{"AlertDefinitionIds":[{"AlertDefinitionID":"AlertDefinition-58cf7281-5454-41dd-918a-422add75c7ce"}]}}],"PluginNotificationProperty":{"PropertyName":"emailaddr","PropertyValue":"asmith@rainpole.io"},"Disabled":false},{"id":{"@UUID":"1a7e7012-fbc7-461f-ad70-6a50b24503c0","@ObjectType":"NOTIFICATION_RULE"},"Name":"Host transport node(s) in down or unknown state.","Description":"","PluginID":{"@pluginType":"StandardEmailPlugin","@pluginName":"Alert Mail Relay"},"PluginType":"StandardEmailPlugin","entry":[{"ConditionType":"RESOURCEKIND","NotificationRuleResourceKindCondition":{"ResourceKindKeys":[{"ResourceKindKey":{"@resourceKind":"NSXTAdapterInstance","@adapterKind":"NSXTAdapter"}}]}},{"ConditionType":"ALERT_DEFINITION_ID","NotificationRuleAlertDefinitionCondition":{"AlertDefinitionIds":[{"AlertDefinitionID":"AlertDefinition-5d57d445-419a-4e26-97e9-99670542d515"}]}}],"PluginNotificationProperty":{"PropertyName":"emailaddr","PropertyValue":"asmith@rainpole.io"},"Disabled":false},{"id":{"@UUID":"ac244d78-d79c-4a4f-99d2-bc30aebc1cf0","@ObjectType":"NOTIFICATION_RULE"},"Name":"Bidirectional forwarding is down or in unknown state on Edge.","Description":"","PluginID":{"@pluginType":"StandardEmailPlugin","@pluginName":"Alert Mail Relay"},"PluginType":"StandardEmailPlugin","entry":[{"ConditionType":"RESOURCEKIND","NotificationRuleResourceKindCondition":{"ResourceKindKeys":[{"ResourceKindKey":{"@resourceKind":"NSXTAdapterInstance","@adapterKind":"NSXTAdapter"}}]}},{"ConditionType":"ALERT_DEFINITION_ID","NotificationRuleAlertDefinitionCondition":{"AlertDefinitionIds":[{"AlertDefinitionID":"AlertDefinition-62e3d501-345a-4cb7-a98d-46c29d53e518"}]}}],"PluginNotificationProperty":{"PropertyName":"emailaddr","PropertyValue":"asmith@rainpole.io"},"Disabled":false},{"id":{"@UUID":"cb2b5ff3-cf14-43e1-9e6c-b47199900f67","@ObjectType":"NOTIFICATION_RULE"},"Name":"BGP is not established.","Description":"","PluginID":{"@pluginType":"StandardEmailPlugin","@pluginName":"Alert Mail Relay"},"PluginType":"StandardEmailPlugin","entry":[{"ConditionType":"RESOURCEKIND","NotificationRuleResourceKindCondition":{"ResourceKindKeys":[{"ResourceKindKey":{"@resourceKind":"NSXTAdapterInstance","@adapterKind":"NSXTAdapter"}}]}},{"ConditionType":"ALERT_DEFINITION_ID","NotificationRuleAlertDefinitionCondition":{"AlertDefinitionIds":[{"AlertDefinitionID":"AlertDefinition-93aabe16-5138-42f2-8083-1db8038725a6"}]}}],"PluginNotificationProperty":{"PropertyName":"emailaddr","PropertyValue":"asmith@rainpole.io"},"Disabled":false},{"id":{"@UUID":"5f9c808c-f4d1-4172-9611-971351ca1200","@ObjectType":"NOTIFICATION_RULE"},"Name":"Backup is more than 1 days old.","Description":"","PluginID":{"@pluginType":"StandardEmailPlugin","@pluginName":"Alert Mail Relay"},"PluginType":"StandardEmailPlugin","entry":[{"ConditionType":"RESOURCEKIND","NotificationRuleResourceKindCondition":{"ResourceKindKeys":[{"ResourceKindKey":{"@resourceKind":"VirtualMachine","@adapterKind":"VMWARE"}}]}},{"ConditionType":"ALERT_DEFINITION_ID","NotificationRuleAlertDefinitionCondition":{"AlertDefinitionIds":[{"AlertDefinitionID":"AlertDefinition-61c3ba71-654d-4d7f-9143-8f0254ab5471"}]}}],"PluginNotificationProperty":{"PropertyName":"emailaddr","PropertyValue":"asmith@rainpole.io"},"Disabled":false},{"id":{"@UUID":"c90ccf4d-3227-489f-aa0b-d8ca661bf743","@ObjectType":"NOTIFICATION_RULE"},"Name":"NSX Local Manager Cluster backup is located on the SDDC Manager.","Description":"","PluginID":{"@pluginType":"StandardEmailPlugin","@pluginName":"Alert Mail Relay"},"PluginType":"StandardEmailPlugin","entry":[{"ConditionType":"RESOURCEKIND","NotificationRuleResourceKindCondition":{"ResourceKindKeys":[{"ResourceKindKey":{"@resourceKind":"NSXTAdapterInstance","@adapterKind":"NSXTAdapter"}}]}},{"ConditionType":"ALERT_DEFINITION_ID","NotificationRuleAlertDefinitionCondition":{"AlertDefinitionIds":[{"AlertDefinitionID":"AlertDefinition-433e5c0e-aa97-434d-824e-49959f3e10b1"}]}}],"PluginNotificationProperty":{"PropertyName":"emailaddr","PropertyValue":"asmith@rainpole.io"},"Disabled":false},{"id":{"@UUID":"6e770aa1-558d-47da-89df-002a189eb94c","@ObjectType":"NOTIFICATION_RULE"},"Name":"Controller is VMware certified for ESXi release check failed","Description":"","PluginID":{"@pluginType":"StandardEmailPlugin","@pluginName":"Alert Mail Relay"},"PluginType":"StandardEmailPlugin","entry":[{"ConditionType":"RESOURCEKIND","NotificationRuleResourceKindCondition":{"ResourceKindKeys":[{"ResourceKindKey":{"@resourceKind":"ClusterComputeResource","@adapterKind":"VMWARE"}}]}},{"ConditionType":"ALERT_DEFINITION_ID","NotificationRuleAlertDefinitionCondition":{"AlertDefinitionIds":[{"AlertDefinitionID":"AlertDefinition-cbcd2fbf-ee73-491d-a7b8-a923b31ddef3"}]}}],"PluginNotificationProperty":{"PropertyName":"emailaddr","PropertyValue":"asmith@rainpole.io"},"Disabled":false},{"id":{"@UUID":"30f5dc4c-5645-4d8a-90ec-7954123a6546","@ObjectType":"NOTIFICATION_RULE"},"Name":"Edge transport node tunnel is down or in unknown state.","Description":"","PluginID":{"@pluginType":"StandardEmailPlugin","@pluginName":"Alert Mail Relay"},"PluginType":"StandardEmailPlugin","entry":[{"ConditionType":"RESOURCEKIND","NotificationRuleResourceKindCondition":{"ResourceKindKeys":[{"ResourceKindKey":{"@resourceKind":"NSXTAdapterInstance","@adapterKind":"NSXTAdapter"}}]}},{"ConditionType":"ALERT_DEFINITION_ID","NotificationRuleAlertDefinitionCondition":{"AlertDefinitionIds":[{"AlertDefinitionID":"AlertDefinition-65b63f22-4d6f-4731-8b5f-d70746f4f212"}]}}],"PluginNotificationProperty":{"PropertyName":"emailaddr","PropertyValue":"asmith@rainpole.io"},"Disabled":false},{"id":{"@UUID":"cc438940-84b2-41e5-8bda-30206cb22a5b","@ObjectType":"NOTIFICATION_RULE"},"Name":"Edge transport node(s) in degraded state.","Description":"","PluginID":{"@pluginType":"StandardEmailPlugin","@pluginName":"Alert Mail Relay"},"PluginType":"StandardEmailPlugin","entry":[{"ConditionType":"RESOURCEKIND","NotificationRuleResourceKindCondition":{"ResourceKindKeys":[{"ResourceKindKey":{"@resourceKind":"NSXTAdapterInstance","@adapterKind":"NSXTAdapter"}}]}},{"ConditionType":"ALERT_DEFINITION_ID","NotificationRuleAlertDefinitionCondition":{"AlertDefinitionIds":[{"AlertDefinitionID":"AlertDefinition-f816fc20-ef19-48df-8e95-ea19510660ab"}]}}],"PluginNotificationProperty":{"PropertyName":"emailaddr","PropertyValue":"asmith@rainpole.io"},"Disabled":false},{"id":{"@UUID":"4f51e253-8d0e-4f3b-a096-eca7203c22dc","@ObjectType":"NOTIFICATION_RULE"},"Name":"ESXi NTP is not configured as expected to use the same NTP server(s) as VMware Cloud Foundation SDDC components.","Description":"","PluginID":{"@pluginType":"StandardEmailPlugin","@pluginName":"Alert Mail Relay"},"PluginType":"StandardEmailPlugin","entry":[{"ConditionType":"RESOURCEKIND","NotificationRuleResourceKindCondition":{"ResourceKindKeys":[{"ResourceKindKey":{"@resourceKind":"HostSystem","@adapterKind":"VMWARE"}}]}},{"ConditionType":"ALERT_DEFINITION_ID","NotificationRuleAlertDefinitionCondition":{"AlertDefinitionIds":[{"AlertDefinitionID":"AlertDefinition-f4cd647e-803f-44bc-9daf-985246b0100b"}]}}],"PluginNotificationProperty":{"PropertyName":"emailaddr","PropertyValue":"esmith@rainpole.io"},"Disabled":false},{"id":{"@UUID":"e4ec2246-2f97-4f95-8350-660a135bfe29","@ObjectType":"NOTIFICATION_RULE"},"Name":"Core dumps found on ESXi","Description":"","PluginID":{"@pluginType":"StandardEmailPlugin","@pluginName":"Alert Mail Relay"},"PluginType":"StandardEmailPlugin","entry":[{"ConditionType":"RESOURCEKIND","NotificationRuleResourceKindCondition":{"ResourceKindKeys":[{"ResourceKindKey":{"@resourceKind":"HostSystem","@adapterKind":"VMWARE"}}]}},{"ConditionType":"ALERT_DEFINITION_ID","NotificationRuleAlertDefinitionCondition":{"AlertDefinitionIds":[{"AlertDefinitionID":"AlertDefinition-36b96a55-896e-4103-8261-10bd3fdc1234"}]}}],"PluginNotificationProperty":{"PropertyName":"emailaddr","PropertyValue":"asmith@rainpole.io"},"Disabled":false},{"id":{"@UUID":"5a0f6125-1f79-4e0d-8f41-8a78f7c47d74","@ObjectType":"NOTIFICATION_RULE"},"Name":"Host Password expiry","Description":"","PluginID":{"@pluginType":"StandardEmailPlugin","@pluginName":"Alert Mail Relay"},"PluginType":"StandardEmailPlugin","entry":[{"ConditionType":"RESOURCEKIND","NotificationRuleResourceKindCondition":{"ResourceKindKeys":[{"ResourceKindKey":{"@resourceKind":"HostSystem","@adapterKind":"VMWARE"}}]}},{"ConditionType":"ALERT_DEFINITION_ID","NotificationRuleAlertDefinitionCondition":{"AlertDefinitionIds":[{"AlertDefinitionID":"AlertDefinition-6e66415a-5596-425a-a6b5-7f0897457520"}]}}],"PluginNotificationProperty":{"PropertyName":"emailaddr","PropertyValue":"asmith@rainpole.io"},"Disabled":false},{"id":{"@UUID":"6f4474bf-16ab-4f06-97b0-37b73247cfd2","@ObjectType":"NOTIFICATION_RULE"},"Name":"Overall health of ESXi host(s) is reporting issues","Description":"","PluginID":{"@pluginType":"StandardEmailPlugin","@pluginName":"Alert Mail Relay"},"PluginType":"StandardEmailPlugin","entry":[{"ConditionType":"RESOURCEKIND","NotificationRuleResourceKindCondition":{"ResourceKindKeys":[{"ResourceKindKey":{"@resourceKind":"HostSystem","@adapterKind":"VMWARE"}}]}},{"ConditionType":"ALERT_DEFINITION_ID","NotificationRuleAlertDefinitionCondition":{"AlertDefinitionIds":[{"AlertDefinitionID":["AlertDefinition-b3ae121c-1797-40d6-8488-4b4c29748e8d","AlertDefinition-c024c373-5310-4776-aa3e-512f584f62bf"]}]}}],"PluginNotificationProperty":{"PropertyName":"emailaddr","PropertyValue":"asmith@rainpole.io"},"Disabled":false},{"id":{"@UUID":"6ce1708d-9aef-45b3-a898-62304a3492d2","@ObjectType":"NOTIFICATION_RULE"},"Name":"NSX Local Manager Inventory backup is located on the SDDC Manager.","Description":"","PluginID":{"@pluginType":"StandardEmailPlugin","@pluginName":"Alert Mail Relay"},"PluginType":"StandardEmailPlugin","entry":[{"ConditionType":"RESOURCEKIND","NotificationRuleResourceKindCondition":{"ResourceKindKeys":[{"ResourceKindKey":{"@resourceKind":"NSXTAdapterInstance","@adapterKind":"NSXTAdapter"}}]}},{"ConditionType":"ALERT_DEFINITION_ID","NotificationRuleAlertDefinitionCondition":{"AlertDefinitionIds":[{"AlertDefinitionID":"AlertDefinition-1780ff41-4f38-449a-873d-e059490bf206"}]}}],"PluginNotificationProperty":{"PropertyName":"emailaddr","PropertyValue":"asmith@rainpole.io"},"Disabled":false},{"id":{"@UUID":"8c43f0bb-0955-4f5b-96ff-cce2b168fba6","@ObjectType":"NOTIFICATION_RULE"},"Name":"NSX Local Manager Inventory backup is more than 1 days old.","Description":"","PluginID":{"@pluginType":"StandardEmailPlugin","@pluginName":"Alert Mail Relay"},"PluginType":"StandardEmailPlugin","entry":[{"ConditionType":"RESOURCEKIND","NotificationRuleResourceKindCondition":{"ResourceKindKeys":[{"ResourceKindKey":{"@resourceKind":"NSXTAdapterInstance","@adapterKind":"NSXTAdapter"}}]}},{"ConditionType":"ALERT_DEFINITION_ID","NotificationRuleAlertDefinitionCondition":{"AlertDefinitionIds":[{"AlertDefinitionID":"AlertDefinition-9e699cc5-43a7-4127-a2c1-56bf10bf14a4"}]}}],"PluginNotificationProperty":{"PropertyName":"emailaddr","PropertyValue":"asmith@rainpole.io"},"Disabled":false},{"id":{"@UUID":"585b7022-a22c-40a8-b395-523c3e6e1fd7","@ObjectType":"NOTIFICATION_RULE"},"Name":"NSX Manager Cluster NTP is not configured as expected to use the same NTP server(s) as VMware Cloud Foundation components.","Description":"","PluginID":{"@pluginType":"StandardEmailPlugin","@pluginName":"Alert Mail Relay"},"PluginType":"StandardEmailPlugin","entry":[{"ConditionType":"RESOURCEKIND","NotificationRuleResourceKindCondition":{"ResourceKindKeys":[{"ResourceKindKey":{"@resourceKind":"NSXTAdapterInstance","@adapterKind":"NSXTAdapter"}}]}},{"ConditionType":"ALERT_DEFINITION_ID","NotificationRuleAlertDefinitionCondition":{"AlertDefinitionIds":[{"AlertDefinitionID":"AlertDefinition-ea911447-fc54-4c45-b57d-1093f5a48be2"}]}}],"PluginNotificationProperty":{"PropertyName":"emailaddr","PropertyValue":"asmith@rainpole.io"},"Disabled":false},{"id":{"@UUID":"0f6be8b6-6091-44c8-9e7d-41904a6ede1b","@ObjectType":"NOTIFICATION_RULE"},"Name":"NSX Local Manager Node backup is more than 1 days old.","Description":"","PluginID":{"@pluginType":"StandardEmailPlugin","@pluginName":"Alert Mail Relay"},"PluginType":"StandardEmailPlugin","entry":[{"ConditionType":"RESOURCEKIND","NotificationRuleResourceKindCondition":{"ResourceKindKeys":[{"ResourceKindKey":{"@resourceKind":"NSXTAdapterInstance","@adapterKind":"NSXTAdapter"}}]}},{"ConditionType":"ALERT_DEFINITION_ID","NotificationRuleAlertDefinitionCondition":{"AlertDefinitionIds":[{"AlertDefinitionID":"AlertDefinition-abf1fcc2-f042-4847-a578-49fd1ab83014"}]}}],"PluginNotificationProperty":{"PropertyName":"emailaddr","PropertyValue":"asmith@rainpole.io"},"Disabled":false},{"id":{"@UUID":"3f990b97-af59-4bc4-aa67-e10ad0a0b693","@ObjectType":"NOTIFICATION_RULE"},"Name":"NSX Manager Password expiry","Description":"","PluginID":{"@pluginType":"StandardEmailPlugin","@pluginName":"Alert Mail Relay"},"PluginType":"StandardEmailPlugin","entry":[{"ConditionType":"RESOURCEKIND","NotificationRuleResourceKindCondition":{"ResourceKindKeys":[{"ResourceKindKey":{"@resourceKind":"NSXTAdapterInstance","@adapterKind":"NSXTAdapter"}}]}},{"ConditionType":"ALERT_DEFINITION_ID","NotificationRuleAlertDefinitionCondition":{"AlertDefinitionIds":[{"AlertDefinitionID":"AlertDefinition-193c2fbd-c903-4d4a-b809-8d1664970971"}]}}],"PluginNotificationProperty":{"PropertyName":"emailaddr","PropertyValue":"asmith@rainpole.io"},"Disabled":false},{"id":{"@UUID":"6b240df6-0619-45e0-b0b4-8cf092747a0e","@ObjectType":"NOTIFICATION_RULE"},"Name":"SDDC Manager and vCenter Server Services are not running","Description":"","PluginID":{"@pluginType":"StandardEmailPlugin","@pluginName":"Alert Mail Relay"},"PluginType":"StandardEmailPlugin","entry":[{"ConditionType":"RESOURCEKIND","NotificationRuleResourceKindCondition":{"ResourceKindKeys":[{"ResourceKindKey":{"@resourceKind":"VirtualMachine","@adapterKind":"VMWARE"}}]}},{"ConditionType":"ALERT_DEFINITION_ID","NotificationRuleAlertDefinitionCondition":{"AlertDefinitionIds":[{"AlertDefinitionID":["AlertDefinition-16da042f-13b1-44e9-9aaa-ef1f06030271","AlertDefinition-c0dee699-301c-4cf9-b5ef-1ec6a812151b"]}]}}],"PluginNotificationProperty":{"PropertyName":"emailaddr","PropertyValue":"asmith@rainpole.io"},"Disabled":false},{"id":{"@UUID":"2b616462-eb84-4a50-b178-0760c9cd9064","@ObjectType":"NOTIFICATION_RULE"},"Name":"SDDC Manager backup is not configured.","Description":"","PluginID":{"@pluginType":"StandardEmailPlugin","@pluginName":"Alert Mail Relay"},"PluginType":"StandardEmailPlugin","entry":[{"ConditionType":"RESOURCEKIND","NotificationRuleResourceKindCondition":{"ResourceKindKeys":[{"ResourceKindKey":{"@resourceKind":"VirtualMachine","@adapterKind":"VMWARE"}}]}},{"ConditionType":"ALERT_DEFINITION_ID","NotificationRuleAlertDefinitionCondition":{"AlertDefinitionIds":[{"AlertDefinitionID":"AlertDefinition-2d566112-c7bb-4508-a232-5a9f2bb7bae1"}]}}],"PluginNotificationProperty":{"PropertyName":"emailaddr","PropertyValue":"asmith@rainpole.io"},"Disabled":false},{"id":{"@UUID":"efcedb01-88fb-46c5-8c7e-b7c596170d58","@ObjectType":"NOTIFICATION_RULE"},"Name":"NSX Manager Cluster Forward and Reverse DNS records configuration","Description":"","PluginID":{"@pluginType":"StandardEmailPlugin","@pluginName":"Alert Mail Relay"},"PluginType":"StandardEmailPlugin","entry":[{"ConditionType":"RESOURCEKIND","NotificationRuleResourceKindCondition":{"ResourceKindKeys":[{"ResourceKindKey":{"@resourceKind":"NSXTAdapterInstance","@adapterKind":"NSXTAdapter"}}]}},{"ConditionType":"ALERT_DEFINITION_ID","NotificationRuleAlertDefinitionCondition":{"AlertDefinitionIds":[{"AlertDefinitionID":"AlertDefinition-3985c91b-89a9-4d38-a0c4-7ea420080367"}]}}],"PluginNotificationProperty":{"PropertyName":"emailaddr","PropertyValue":"asmith@rainpole.io"},"Disabled":false},{"id":{"@UUID":"476a291f-e95f-4813-a42f-11e3834bc3a1","@ObjectType":"NOTIFICATION_RULE"},"Name":"SCSI controller is VMware certified check failed","Description":"","PluginID":{"@pluginType":"StandardEmailPlugin","@pluginName":"Alert Mail Relay"},"PluginType":"StandardEmailPlugin","entry":[{"ConditionType":"RESOURCEKIND","NotificationRuleResourceKindCondition":{"ResourceKindKeys":[{"ResourceKindKey":{"@resourceKind":"ClusterComputeResource","@adapterKind":"VMWARE"}}]}},{"ConditionType":"ALERT_DEFINITION_ID","NotificationRuleAlertDefinitionCondition":{"AlertDefinitionIds":[{"AlertDefinitionID":"AlertDefinition-1e86b892-dfce-4025-b1f3-7f2c6392bcec"}]}}],"PluginNotificationProperty":{"PropertyName":"emailaddr","PropertyValue":"asmith@rainpole.io"},"Disabled":false},{"id":{"@UUID":"fb84fd2a-41dc-407a-843d-21234561f7d3","@ObjectType":"NOTIFICATION_RULE"},"Name":"NSX Local Manager Cluster backup is more than 3 days old.","Description":"","PluginID":{"@pluginType":"StandardEmailPlugin","@pluginName":"Alert Mail Relay"},"PluginType":"StandardEmailPlugin","entry":[{"ConditionType":"RESOURCEKIND","NotificationRuleResourceKindCondition":{"ResourceKindKeys":[{"ResourceKindKey":{"@resourceKind":"NSXTAdapterInstance","@adapterKind":"NSXTAdapter"}}]}},{"ConditionType":"ALERT_DEFINITION_ID","NotificationRuleAlertDefinitionCondition":{"AlertDefinitionIds":[{"AlertDefinitionID":"AlertDefinition-7b8b9d51-8c9c-4e3e-99c5-34eea2e9a2ce"}]}}],"PluginNotificationProperty":{"PropertyName":"emailaddr","PropertyValue":"asmith@rainpole.io"},"Disabled":false},{"id":{"@UUID":"ed7b0598-2180-4e9d-91bf-d8c32f397c60","@ObjectType":"NOTIFICATION_RULE"},"Name":"NSX Local Manager Cluster backup is not configured.","Description":"","PluginID":{"@pluginType":"StandardEmailPlugin","@pluginName":"Alert Mail Relay"},"PluginType":"StandardEmailPlugin","entry":[{"ConditionType":"RESOURCEKIND","NotificationRuleResourceKindCondition":{"ResourceKindKeys":[{"ResourceKindKey":{"@resourceKind":"NSXTAdapterInstance","@adapterKind":"NSXTAdapter"}}]}},{"ConditionType":"ALERT_DEFINITION_ID","NotificationRuleAlertDefinitionCondition":{"AlertDefinitionIds":[{"AlertDefinitionID":"AlertDefinition-9925aa61-d868-46c1-a6be-b4c203593c1f"}]}}],"PluginNotificationProperty":{"PropertyName":"emailaddr","PropertyValue":"asmith@rainpole.io"},"Disabled":false},{"id":{"@UUID":"9beb1944-886f-4853-aaf8-ec7d19a15968","@ObjectType":"NOTIFICATION_RULE"},"Name":"NVMe device is VMware certified check failed","Description":"","PluginID":{"@pluginType":"StandardEmailPlugin","@pluginName":"Alert Mail Relay"},"PluginType":"StandardEmailPlugin","entry":[{"ConditionType":"RESOURCEKIND","NotificationRuleResourceKindCondition":{"ResourceKindKeys":[{"ResourceKindKey":{"@resourceKind":"ClusterComputeResource","@adapterKind":"VMWARE"}}]}},{"ConditionType":"ALERT_DEFINITION_ID","NotificationRuleAlertDefinitionCondition":{"AlertDefinitionIds":[{"AlertDefinitionID":"AlertDefinition-ed37539c-e062-4805-ae46-73ac4122f0b3"}]}}],"PluginNotificationProperty":{"PropertyName":"emailaddr","PropertyValue":"asmith@rainpole.io"},"Disabled":false},{"id":{"@UUID":"2a171f09-9d39-44a6-86e2-445cafeed85a","@ObjectType":"NOTIFICATION_RULE"},"Name":"NSX Local Manager Node backup is not configured.","Description":"","PluginID":{"@pluginType":"StandardEmailPlugin","@pluginName":"Alert Mail Relay"},"PluginType":"StandardEmailPlugin","entry":[{"ConditionType":"RESOURCEKIND","NotificationRuleResourceKindCondition":{"ResourceKindKeys":[{"ResourceKindKey":{"@resourceKind":"NSXTAdapterInstance","@adapterKind":"NSXTAdapter"}}]}},{"ConditionType":"ALERT_DEFINITION_ID","NotificationRuleAlertDefinitionCondition":{"AlertDefinitionIds":[{"AlertDefinitionID":"AlertDefinition-870b0a09-c451-4f36-b400-b72e0526b90a"}]}}],"PluginNotificationProperty":{"PropertyName":"emailaddr","PropertyValue":"asmith@rainpole.io"},"Disabled":false},{"id":{"@UUID":"7a2ce416-0458-4366-97d2-aeb65cde92b7","@ObjectType":"NOTIFICATION_RULE"},"Name":"NSX Local Manager Cluster backup is more than 1 days old.","Description":"","PluginID":{"@pluginType":"StandardEmailPlugin","@pluginName":"Alert Mail Relay"},"PluginType":"StandardEmailPlugin","entry":[{"ConditionType":"RESOURCEKIND","NotificationRuleResourceKindCondition":{"ResourceKindKeys":[{"ResourceKindKey":{"@resourceKind":"NSXTAdapterInstance","@adapterKind":"NSXTAdapter"}}]}},{"ConditionType":"ALERT_DEFINITION_ID","NotificationRuleAlertDefinitionCondition":{"AlertDefinitionIds":[{"AlertDefinitionID":"AlertDefinition-2b88df9c-9421-4371-919d-823dcef359e5"}]}}],"PluginNotificationProperty":{"PropertyName":"emailaddr","PropertyValue":"asmith@rainpole.io"},"Disabled":false},{"id":{"@UUID":"533135d7-2845-4ed5-8975-8c37964c2cef","@ObjectType":"NOTIFICATION_RULE"},"Name":"Ping or SSH connectivity check has failed on Virtual machine","Description":"","PluginID":{"@pluginType":"StandardEmailPlugin","@pluginName":"Alert Mail Relay"},"PluginType":"StandardEmailPlugin","entry":[{"ConditionType":"RESOURCEKIND","NotificationRuleResourceKindCondition":{"ResourceKindKeys":[{"ResourceKindKey":{"@resourceKind":"VirtualMachine","@adapterKind":"VMWARE"}}]}},{"ConditionType":"ALERT_DEFINITION_ID","NotificationRuleAlertDefinitionCondition":{"AlertDefinitionIds":[{"AlertDefinitionID":"AlertDefinition-405bd262-c37b-4adb-ba54-609899686c88"}]}}],"PluginNotificationProperty":{"PropertyName":"emailaddr","PropertyValue":"asmith@rainpole.io"},"Disabled":false},{"id":{"@UUID":"94210371-d65d-4a2f-b73c-88e6eabf2321","@ObjectType":"NOTIFICATION_RULE"},"Name":"Ping or API connectivity check has failed on ESXi host","Description":"","PluginID":{"@pluginType":"StandardEmailPlugin","@pluginName":"Alert Mail Relay"},"PluginType":"StandardEmailPlugin","entry":[{"ConditionType":"RESOURCEKIND","NotificationRuleResourceKindCondition":{"ResourceKindKeys":[{"ResourceKindKey":{"@resourceKind":"HostSystem","@adapterKind":"VMWARE"}}]}},{"ConditionType":"ALERT_DEFINITION_ID","NotificationRuleAlertDefinitionCondition":{"AlertDefinitionIds":[{"AlertDefinitionID":"AlertDefinition-9b391f0b-1016-45e9-8be9-0a60a1fb8b13"}]}}],"PluginNotificationProperty":{"PropertyName":"emailaddr","PropertyValue":"asmith@rainpole.io"},"Disabled":false},{"id":{"@UUID":"8e88834a-773c-45a9-a1fc-6a5990da7e53","@ObjectType":"NOTIFICATION_RULE"},"Name":"NSX Manager Certificate expiry","Description":"","PluginID":{"@pluginType":"StandardEmailPlugin","@pluginName":"Alert Mail Relay"},"PluginType":"StandardEmailPlugin","entry":[{"ConditionType":"RESOURCEKIND","NotificationRuleResourceKindCondition":{"ResourceKindKeys":[{"ResourceKindKey":{"@resourceKind":"NSXTAdapterInstance","@adapterKind":"NSXTAdapter"}}]}},{"ConditionType":"ALERT_DEFINITION_ID","NotificationRuleAlertDefinitionCondition":{"AlertDefinitionIds":[{"AlertDefinitionID":"AlertDefinition-1b732f59-4781-4c4d-8f3d-fbed431fff46"}]}}],"PluginNotificationProperty":{"PropertyName":"emailaddr","PropertyValue":"asmith@rainpole.io"},"Disabled":false},{"id":{"@UUID":"4f82b9c0-6620-4c43-8bd8-5eac5e5fc497","@ObjectType":"NOTIFICATION_RULE"},"Name":"NSX Local Manager Inventory backup is not configured.","Description":"","PluginID":{"@pluginType":"StandardEmailPlugin","@pluginName":"Alert Mail Relay"},"PluginType":"StandardEmailPlugin","entry":[{"ConditionType":"RESOURCEKIND","NotificationRuleResourceKindCondition":{"ResourceKindKeys":[{"ResourceKindKey":{"@resourceKind":"NSXTAdapterInstance","@adapterKind":"NSXTAdapter"}}]}},{"ConditionType":"ALERT_DEFINITION_ID","NotificationRuleAlertDefinitionCondition":{"AlertDefinitionIds":[{"AlertDefinitionID":"AlertDefinition-33a79b40-43d4-4cb7-81a9-04fdca907de1"}]}}],"PluginNotificationProperty":{"PropertyName":"emailaddr","PropertyValue":"asmith@rainpole.io"},"Disabled":false},{"id":{"@UUID":"870be881-3352-48dd-b1bd-fba1fb41ca87","@ObjectType":"NOTIFICATION_RULE"},"Name":"Ping or API connectivity check has failed on NSX Manager Cluster","Description":"","PluginID":{"@pluginType":"StandardEmailPlugin","@pluginName":"Alert Mail Relay"},"PluginType":"StandardEmailPlugin","entry":[{"ConditionType":"RESOURCEKIND","NotificationRuleResourceKindCondition":{"ResourceKindKeys":[{"ResourceKindKey":{"@resourceKind":"NSXTAdapterInstance","@adapterKind":"NSXTAdapter"}}]}},{"ConditionType":"ALERT_DEFINITION_ID","NotificationRuleAlertDefinitionCondition":{"AlertDefinitionIds":[{"AlertDefinitionID":"AlertDefinition-ff8b14d7-f83b-4d99-bcdf-cec82d54575f"}]}}],"PluginNotificationProperty":{"PropertyName":"emailaddr","PropertyValue":"asmith@rainpole.io"},"Disabled":false},{"id":{"@UUID":"2dcb8f85-6df5-44a3-b304-b1c7a3839ccd","@ObjectType":"NOTIFICATION_RULE"},"Name":"NSX Local Manager Inventory backup is more than 3 days old.","Description":"","PluginID":{"@pluginType":"StandardEmailPlugin","@pluginName":"Alert Mail Relay"},"PluginType":"StandardEmailPlugin","entry":[{"ConditionType":"RESOURCEKIND","NotificationRuleResourceKindCondition":{"ResourceKindKeys":[{"ResourceKindKey":{"@resourceKind":"NSXTAdapterInstance","@adapterKind":"NSXTAdapter"}}]}},{"ConditionType":"ALERT_DEFINITION_ID","NotificationRuleAlertDefinitionCondition":{"AlertDefinitionIds":[{"AlertDefinitionID":"AlertDefinition-8b2a0ee1-b5c6-4f3c-b153-245bb37f2c6b"}]}}],"PluginNotificationProperty":{"PropertyName":"emailaddr","PropertyValue":"asmith@rainpole.io"},"Disabled":false},{"id":{"@UUID":"ae1694ce-b3c0-4b65-934f-93028b7cb93c","@ObjectType":"NOTIFICATION_RULE"},"Name":"Overall health of vCenter is reporting issues","Description":"","PluginID":{"@pluginType":"StandardEmailPlugin","@pluginName":"Alert Mail Relay"},"PluginType":"StandardEmailPlugin","entry":[{"ConditionType":"RESOURCEKIND","NotificationRuleResourceKindCondition":{"ResourceKindKeys":[{"ResourceKindKey":{"@resourceKind":"VirtualMachine","@adapterKind":"VMWARE"}}]}},{"ConditionType":"ALERT_DEFINITION_ID","NotificationRuleAlertDefinitionCondition":{"AlertDefinitionIds":[{"AlertDefinitionID":["AlertDefinition-7b40379d-a926-440e-ab5d-f90d9b84399c","AlertDefinition-989953e4-4412-42b2-9236-33a8b5f7d69a"]}]}}],"PluginNotificationProperty":{"PropertyName":"emailaddr","PropertyValue":"asmith@rainpole.io"},"Disabled":false},{"id":{"@UUID":"e78d0458-0044-42de-881f-c663183c020c","@ObjectType":"NOTIFICATION_RULE"},"Name":"NSX Local Manager Node backup is located on the SDDC Manager.","Description":"","PluginID":{"@pluginType":"StandardEmailPlugin","@pluginName":"Alert Mail Relay"},"PluginType":"StandardEmailPlugin","entry":[{"ConditionType":"RESOURCEKIND","NotificationRuleResourceKindCondition":{"ResourceKindKeys":[{"ResourceKindKey":{"@resourceKind":"NSXTAdapterInstance","@adapterKind":"NSXTAdapter"}}]}},{"ConditionType":"ALERT_DEFINITION_ID","NotificationRuleAlertDefinitionCondition":{"AlertDefinitionIds":[{"AlertDefinitionID":"AlertDefinition-bd20e179-e1c1-452e-9827-3ef7df2d64a2"}]}}],"PluginNotificationProperty":{"PropertyName":"emailaddr","PropertyValue":"asmith@rainpole.io"},"Disabled":false},{"id":{"@UUID":"42ee3162-73fc-4e2c-a684-a01e8c11a591","@ObjectType":"NOTIFICATION_RULE"},"Name":"NVMe device can be identified check failed","Description":"","PluginID":{"@pluginType":"StandardEmailPlugin","@pluginName":"Alert Mail Relay"},"PluginType":"StandardEmailPlugin","entry":[{"ConditionType":"RESOURCEKIND","NotificationRuleResourceKindCondition":{"ResourceKindKeys":[{"ResourceKindKey":{"@resourceKind":"ClusterComputeResource","@adapterKind":"VMWARE"}}]}},{"ConditionType":"ALERT_DEFINITION_ID","NotificationRuleAlertDefinitionCondition":{"AlertDefinitionIds":[{"AlertDefinitionID":"AlertDefinition-99c04962-5d02-4f7e-b016-a89c17fd84df"}]}}],"PluginNotificationProperty":{"PropertyName":"emailaddr","PropertyValue":"asmith@rainpole.io"},"Disabled":false},{"id":{"@UUID":"846ee86c-40a8-4bd6-99b9-6e55d23737a0","@ObjectType":"NOTIFICATION_RULE"},"Name":"NSX Local Manager Node backup is more than 3 days old.","Description":"","PluginID":{"@pluginType":"StandardEmailPlugin","@pluginName":"Alert Mail Relay"},"PluginType":"StandardEmailPlugin","entry":[{"ConditionType":"RESOURCEKIND","NotificationRuleResourceKindCondition":{"ResourceKindKeys":[{"ResourceKindKey":{"@resourceKind":"NSXTAdapterInstance","@adapterKind":"NSXTAdapter"}}]}},{"ConditionType":"ALERT_DEFINITION_ID","NotificationRuleAlertDefinitionCondition":{"AlertDefinitionIds":[{"AlertDefinitionID":"AlertDefinition-e7895388-49b0-4bfd-86bf-8795cf4d0588"}]}}],"PluginNotificationProperty":{"PropertyName":"emailaddr","PropertyValue":"asmith@rainpole.io"},"Disabled":false},{"id":{"@UUID":"deb08b45-857e-441f-83b7-b0a204fe6cb9","@ObjectType":"NOTIFICATION_RULE"},"Name":"Virtual machine Forward and Reverse DNS records configuration","Description":"","PluginID":{"@pluginType":"StandardEmailPlugin","@pluginName":"Alert Mail Relay"},"PluginType":"StandardEmailPlugin","entry":[{"ConditionType":"RESOURCEKIND","NotificationRuleResourceKindCondition":{"ResourceKindKeys":[{"ResourceKindKey":{"@resourceKind":"VirtualMachine","@adapterKind":"VMWARE"}}]}},{"ConditionType":"ALERT_DEFINITION_ID","NotificationRuleAlertDefinitionCondition":{"AlertDefinitionIds":[{"AlertDefinitionID":"AlertDefinition-918489bc-1b81-4555-882d-e6d5daa81289"}]}}],"PluginNotificationProperty":{"PropertyName":"emailaddr","PropertyValue":"asmith@rainpole.io"},"Disabled":false},{"id":{"@UUID":"4493dfa2-d8ad-4d2d-90e7-254ae231f58c","@ObjectType":"NOTIFICATION_RULE"},"Name":"Used space is between 80% and 90% on ESXi host.","Description":"","PluginID":{"@pluginType":"StandardEmailPlugin","@pluginName":"Alert Mail Relay"},"PluginType":"StandardEmailPlugin","entry":[{"ConditionType":"RESOURCEKIND","NotificationRuleResourceKindCondition":{"ResourceKindKeys":[{"ResourceKindKey":{"@resourceKind":"HostSystem","@adapterKind":"VMWARE"}}]}},{"ConditionType":"ALERT_DEFINITION_ID","NotificationRuleAlertDefinitionCondition":{"AlertDefinitionIds":[{"AlertDefinitionID":"AlertDefinition-4f171cfd-505c-4d00-9abb-cad5ae7a9079"}]}}],"PluginNotificationProperty":{"PropertyName":"emailaddr","PropertyValue":"asmith@rainpole.io"},"Disabled":false},{"id":{"@UUID":"b451cc38-0c17-49ed-bdae-e7416bab73d1","@ObjectType":"NOTIFICATION_RULE"},"Name":"Used space is above 90%. Please reclaim space on the datastore","Description":"","PluginID":{"@pluginType":"StandardEmailPlugin","@pluginName":"Alert Mail Relay"},"PluginType":"StandardEmailPlugin","entry":[{"ConditionType":"RESOURCEKIND","NotificationRuleResourceKindCondition":{"ResourceKindKeys":[{"ResourceKindKey":{"@resourceKind":"VirtualMachine","@adapterKind":"VMWARE"}}]}},{"ConditionType":"ALERT_DEFINITION_ID","NotificationRuleAlertDefinitionCondition":{"AlertDefinitionIds":[{"AlertDefinitionID":"AlertDefinition-c4dce189-bbc2-4c35-b61f-2960b77b66cc"}]}}],"PluginNotificationProperty":{"PropertyName":"emailaddr","PropertyValue":"asmith@rainpole.io"},"Disabled":false},{"id":{"@UUID":"2b3664bd-2b1a-470d-885d-64965f06576c","@ObjectType":"NOTIFICATION_RULE"},"Name":"Snapshot consolidation is required.","Description":"","PluginID":{"@pluginType":"StandardEmailPlugin","@pluginName":"Alert Mail Relay"},"PluginType":"StandardEmailPlugin","entry":[{"ConditionType":"RESOURCEKIND","NotificationRuleResourceKindCondition":{"ResourceKindKeys":[{"ResourceKindKey":{"@resourceKind":"NSXTAdapterInstance","@adapterKind":"NSXTAdapter"}}]}},{"ConditionType":"ALERT_DEFINITION_ID","NotificationRuleAlertDefinitionCondition":{"AlertDefinitionIds":[{"AlertDefinitionID":"AlertDefinition-88311001-60da-4c6f-a06c-94043c35ae84"}]}}],"PluginNotificationProperty":{"PropertyName":"emailaddr","PropertyValue":"asmith@rainpole.io"},"Disabled":false},{"id":{"@UUID":"fdb40255-0235-4c6f-952c-42581f1b4e31","@ObjectType":"NOTIFICATION_RULE"},"Name":"Virtual machine Certificate expiry","Description":"","PluginID":{"@pluginType":"StandardEmailPlugin","@pluginName":"Alert Mail Relay"},"PluginType":"StandardEmailPlugin","entry":[{"ConditionType":"RESOURCEKIND","NotificationRuleResourceKindCondition":{"ResourceKindKeys":[{"ResourceKindKey":{"@resourceKind":"VirtualMachine","@adapterKind":"VMWARE"}}]}},{"ConditionType":"ALERT_DEFINITION_ID","NotificationRuleAlertDefinitionCondition":{"AlertDefinitionIds":[{"AlertDefinitionID":"AlertDefinition-04dc70b4-ac72-4b27-b14e-b54a8d044fe8"}]}}],"PluginNotificationProperty":{"PropertyName":"emailaddr","PropertyValue":"asmith@rainpole.io"},"Disabled":false},{"id":{"@UUID":"71911656-8311-4c9b-a83a-0e0923d4606f","@ObjectType":"NOTIFICATION_RULE"},"Name":"vSAN firmware version recommendation check failed","Description":"","PluginID":{"@pluginType":"StandardEmailPlugin","@pluginName":"Alert Mail Relay"},"PluginType":"StandardEmailPlugin","entry":[{"ConditionType":"RESOURCEKIND","NotificationRuleResourceKindCondition":{"ResourceKindKeys":[{"ResourceKindKey":{"@resourceKind":"ClusterComputeResource","@adapterKind":"VMWARE"}}]}},{"ConditionType":"ALERT_DEFINITION_ID","NotificationRuleAlertDefinitionCondition":{"AlertDefinitionIds":[{"AlertDefinitionID":"AlertDefinition-hcl.fwrecommendation"}]}}],"PluginNotificationProperty":{"PropertyName":"emailaddr","PropertyValue":"asmith@rainpole.io"},"Disabled":false},{"id":{"@UUID":"b70a977d-35d9-4b7e-b58f-24d4ab95188e","@ObjectType":"NOTIFICATION_RULE"},"Name":"Used space is above 90%.","Description":"","PluginID":{"@pluginType":"StandardEmailPlugin","@pluginName":"Alert Mail Relay"},"PluginType":"StandardEmailPlugin","entry":[{"ConditionType":"RESOURCEKIND","NotificationRuleResourceKindCondition":{"ResourceKindKeys":[{"ResourceKindKey":{"@resourceKind":"VirtualMachine","@adapterKind":"VMWARE"}}]}},{"ConditionType":"ALERT_DEFINITION_ID","NotificationRuleAlertDefinitionCondition":{"AlertDefinitionIds":[{"AlertDefinitionID":"AlertDefinition-9c53da18-a66e-4ef2-8e6e-457ee7278f5e"}]}}],"PluginNotificationProperty":{"PropertyName":"emailaddr","PropertyValue":"asmith@rainpole.io"},"Disabled":false},{"id":{"@UUID":"127555f8-a785-4b2c-9175-a147be3d436f","@ObjectType":"NOTIFICATION_RULE"},"Name":"Used space is between 80% and 90%. Please consider reclaiming some space on the datastore.","Description":"","PluginID":{"@pluginType":"StandardEmailPlugin","@pluginName":"Alert Mail Relay"},"PluginType":"StandardEmailPlugin","entry":[{"ConditionType":"RESOURCEKIND","NotificationRuleResourceKindCondition":{"ResourceKindKeys":[{"ResourceKindKey":{"@resourceKind":"VirtualMachine","@adapterKind":"VMWARE"}}]}},{"ConditionType":"ALERT_DEFINITION_ID","NotificationRuleAlertDefinitionCondition":{"AlertDefinitionIds":[{"AlertDefinitionID":"AlertDefinition-1db5d02d-3eea-465a-ad1d-dcb861e08367"}]}}],"PluginNotificationProperty":{"PropertyName":"emailaddr","PropertyValue":"asmith@rainpole.io"},"Disabled":false},{"id":{"@UUID":"f9034763-102f-4472-bb8a-88b0dda5110b","@ObjectType":"NOTIFICATION_RULE"},"Name":"vCenter Server backup is not configured.","Description":"","PluginID":{"@pluginType":"StandardEmailPlugin","@pluginName":"Alert Mail Relay"},"PluginType":"StandardEmailPlugin","entry":[{"ConditionType":"RESOURCEKIND","NotificationRuleResourceKindCondition":{"ResourceKindKeys":[{"ResourceKindKey":{"@resourceKind":"VirtualMachine","@adapterKind":"VMWARE"}}]}},{"ConditionType":"ALERT_DEFINITION_ID","NotificationRuleAlertDefinitionCondition":{"AlertDefinitionIds":[{"AlertDefinitionID":"AlertDefinition-3cd3f502-b121-4831-8615-cdd293a67679"}]}}],"PluginNotificationProperty":{"PropertyName":"emailaddr","PropertyValue":"asmith@rainpole.io"},"Disabled":false},{"id":{"@UUID":"8e7bba0f-b169-4138-bca1-c2aa66aad076","@ObjectType":"NOTIFICATION_RULE"},"Name":"vSAN HCL DB Auto Update check failed","Description":"","PluginID":{"@pluginType":"StandardEmailPlugin","@pluginName":"Alert Mail Relay"},"PluginType":"StandardEmailPlugin","entry":[{"ConditionType":"RESOURCEKIND","NotificationRuleResourceKindCondition":{"ResourceKindKeys":[{"ResourceKindKey":{"@resourceKind":"ClusterComputeResource","@adapterKind":"VMWARE"}}]}},{"ConditionType":"ALERT_DEFINITION_ID","NotificationRuleAlertDefinitionCondition":{"AlertDefinitionIds":[{"AlertDefinitionID":"AlertDefinition-hcl.autohclupdate"}]}}],"PluginNotificationProperty":{"PropertyName":"emailaddr","PropertyValue":"asmith@rainpole.io"},"Disabled":false},{"id":{"@UUID":"30395fd8-6a6c-456d-a3eb-3da6ebae0c6e","@ObjectType":"NOTIFICATION_RULE"},"Name":"Virtual machine NTP is not configured as expected to use the same NTP server(s) as VMware Cloud Foundation components.","Description":"","PluginID":{"@pluginType":"StandardEmailPlugin","@pluginName":"Alert Mail Relay"},"PluginType":"StandardEmailPlugin","entry":[{"ConditionType":"RESOURCEKIND","NotificationRuleResourceKindCondition":{"ResourceKindKeys":[{"ResourceKindKey":{"@resourceKind":"VirtualMachine","@adapterKind":"VMWARE"}}]}},{"ConditionType":"ALERT_DEFINITION_ID","NotificationRuleAlertDefinitionCondition":{"AlertDefinitionIds":[{"AlertDefinitionID":"AlertDefinition-2aba8c7d-409a-45b2-b4d6-84939ee50e88"}]}}],"PluginNotificationProperty":{"PropertyName":"emailaddr","PropertyValue":"asmith@rainpole.io"},"Disabled":false},{"id":{"@UUID":"cbdd692b-830c-4230-a86d-c86e97b03c78","@ObjectType":"NOTIFICATION_RULE"},"Name":"Virtual machine Password expiry","Description":"","PluginID":{"@pluginType":"StandardEmailPlugin","@pluginName":"Alert Mail Relay"},"PluginType":"StandardEmailPlugin","entry":[{"ConditionType":"RESOURCEKIND","NotificationRuleResourceKindCondition":{"ResourceKindKeys":[{"ResourceKindKey":{"@resourceKind":"VirtualMachine","@adapterKind":"VMWARE"}}]}},{"ConditionType":"ALERT_DEFINITION_ID","NotificationRuleAlertDefinitionCondition":{"AlertDefinitionIds":[{"AlertDefinitionID":"AlertDefinition-decc5583-15c2-4bd0-9f23-8df716fa6b44"}]}}],"PluginNotificationProperty":{"PropertyName":"emailaddr","PropertyValue":"asmith@rainpole.io"},"Disabled":false},{"id":{"@UUID":"48f307e4-16d8-47c6-8de9-e1e409bb24bd","@ObjectType":"NOTIFICATION_RULE"},"Name":"Used space is between 80% and 90%.","Description":"","PluginID":{"@pluginType":"StandardEmailPlugin","@pluginName":"Alert Mail Relay"},"PluginType":"StandardEmailPlugin","entry":[{"ConditionType":"RESOURCEKIND","NotificationRuleResourceKindCondition":{"ResourceKindKeys":[{"ResourceKindKey":{"@resourceKind":"VirtualMachine","@adapterKind":"VMWARE"}}]}},{"ConditionType":"ALERT_DEFINITION_ID","NotificationRuleAlertDefinitionCondition":{"AlertDefinitionIds":[{"AlertDefinitionID":"AlertDefinition-8e5e8641-ace5-4f6b-b330-eb061f3ed6b5"}]}}],"PluginNotificationProperty":{"PropertyName":"emailaddr","PropertyValue":"asmith@rainpole.io"},"Disabled":false},{"id":{"@UUID":"9ee3069a-d782-49fb-a8f5-44a53bab7ddf","@ObjectType":"NOTIFICATION_RULE"},"Name":"vSAN HCL DB up-to-date Health check failed","Description":"","PluginID":{"@pluginType":"StandardEmailPlugin","@pluginName":"Alert Mail Relay"},"PluginType":"StandardEmailPlugin","entry":[{"ConditionType":"RESOURCEKIND","NotificationRuleResourceKindCondition":{"ResourceKindKeys":[{"ResourceKindKey":{"@resourceKind":"ClusterComputeResource","@adapterKind":"VMWARE"}}]}},{"ConditionType":"ALERT_DEFINITION_ID","NotificationRuleAlertDefinitionCondition":{"AlertDefinitionIds":[{"AlertDefinitionID":"AlertDefinition-hcl.hcldbuptodate"}]}}],"PluginNotificationProperty":{"PropertyName":"emailaddr","PropertyValue":"asmith@rainpole.io"},"Disabled":false},{"id":{"@UUID":"fe288aea-0482-4f5d-bc17-de2d66a4998f","@ObjectType":"NOTIFICATION_RULE"},"Name":"Virtual machine storage policy is non-compliant","Description":"","PluginID":{"@pluginType":"StandardEmailPlugin","@pluginName":"Alert Mail Relay"},"PluginType":"StandardEmailPlugin","entry":[{"ConditionType":"RESOURCEKIND","NotificationRuleResourceKindCondition":{"ResourceKindKeys":[{"ResourceKindKey":{"@resourceKind":"VirtualMachine","@adapterKind":"VMWARE"}}]}},{"ConditionType":"ALERT_DEFINITION_ID","NotificationRuleAlertDefinitionCondition":{"AlertDefinitionIds":[{"AlertDefinitionID":"AlertDefinition-4c638359-b6fb-4bfd-bf47-9d7a735f1dbf"}]}}],"PluginNotificationProperty":{"PropertyName":"emailaddr","PropertyValue":"asmith@rainpole.io"},"Disabled":false},{"id":{"@UUID":"a964ee61-a7a9-4af3-9342-d739f3830b94","@ObjectType":"NOTIFICATION_RULE"},"Name":"There are Active Re-Syncing Objects happening","Description":"","PluginID":{"@pluginType":"StandardEmailPlugin","@pluginName":"Alert Mail Relay"},"PluginType":"StandardEmailPlugin","entry":[{"ConditionType":"RESOURCEKIND","NotificationRuleResourceKindCondition":{"ResourceKindKeys":[{"ResourceKindKey":{"@resourceKind":"ClusterComputeResource","@adapterKind":"VMWARE"}}]}},{"ConditionType":"ALERT_DEFINITION_ID","NotificationRuleAlertDefinitionCondition":{"AlertDefinitionIds":[{"AlertDefinitionID":"AlertDefinition-0e827607-46b3-452d-9e4f-70ee6c1b85f6"}]}}],"PluginNotificationProperty":{"PropertyName":"emailaddr","PropertyValue":"asmith@rainpole.io"},"Disabled":false},{"id":{"@UUID":"d82a31c3-1c38-45a2-8def-7d0c806df0d8","@ObjectType":"NOTIFICATION_RULE"},"Name":"Used space is above 90% on ESXi host.","Description":"","PluginID":{"@pluginType":"StandardEmailPlugin","@pluginName":"Alert Mail Relay"},"PluginType":"StandardEmailPlugin","entry":[{"ConditionType":"RESOURCEKIND","NotificationRuleResourceKindCondition":{"ResourceKindKeys":[{"ResourceKindKey":{"@resourceKind":"HostSystem","@adapterKind":"VMWARE"}}]}},{"ConditionType":"ALERT_DEFINITION_ID","NotificationRuleAlertDefinitionCondition":{"AlertDefinitionIds":[{"AlertDefinitionID":"AlertDefinition-3429bf15-f085-4b80-8b53-c0065a7fda85"}]}}],"PluginNotificationProperty":{"PropertyName":"emailaddr","PropertyValue":"asmith@rainpole.io"},"Disabled":false}]}]}}