{
  "adapterKind":"VMware",
  "vm_resourceKind":"VirtualMachine",
  "pod_resourceKind":"Pod",
  "cluster_resourceKind":"ClusterComputeResource",
  "esx_adapterKind":"VMware",
  "esx_resourceKind":"HostSystem",
  "nsx_adapterKind":"NSXTAdapter",
  "nsx_resourceKind":"NSXTAdapterInstance",
  "vrops":{
    "fqdn":"xint-vrops01.rainpole.io",
    "user":"svc-hrm-vrops@sfo.rainpole.io@vIDMAuthSource"
  },
  "sddc_manager":{
    "fqdn":"sfo-vcf01.sfo.rainpole.io",
    "user":"svc-hrm-vcf@sfo.rainpole.io",
    "local_user": "vcf"
  },
  "constants": {
    "data_file" : "health-results.json",
    "forward_dns_lookup" : "Forward lookup Status",
    "reverse_dns_lookup" : "Reverse lookup Status",
    "component_connectivity_json": "componentconnectivityhealthnonsos-status.json",
    "backup_status_json" : "backup-status.json",
    "storagecapacityhealth_status_json" : "storagecapacityhealth-status.json",
    "nsxtcombinedhealthnonsos_status_json" : "nsxtcombinedhealthnonsos-status.json",
    "snapshot_status_json" : "snapshot-status.json",
    "nsxttier0bgp_status_json" : "nsxttier0bgp-status.json",
    "nsxttransportnode_status_json" : "nsxttransportnode-status.json",
    "nsxttntunnel_status_json" : "nsxttntunnel-status.json"
  },
  "log_level": "INFO",
  "log_retention_in_days" : 30,
  "DEFAULT_LOGS_DIR_PATH_LINUX" : "/opt/vmware/hrm/logs",
  "DEFAULT_LOGS_DIR_PATH_WINDOWS" : "Desktop\\vmware\\hrm\\logs"
}