{
   "81066432-d8c8-47e4-a138-fa989db62c64": {
      "resourceKinds": [{
         "resourceKindKey": "ClusterComputeResource",
         "adapterKindKey": "VMWARE"
      }],
      "modificationTime": 1676570870376,
      "name": "SM vSAN vcadapter",
      "formula": "max([max(${adaptertype=VMWARE, objecttype=*, attribute=SOS vSAN Summary|alert_code, depth=8}), max(${this, attribute=SOS vSAN Summary|alert_code})])",
      "description": "SOS vSAN status",
      "unitId": "",
      "modifiedBy": "48e01498-c8d8-402f-9252-890929c6d467"
   },
   "41c1eeb2-0ed3-4bf9-a2d1-4aa8a45bd540": {
      "resourceKinds": [{
         "resourceKindKey": "ClusterComputeResource",
         "adapterKindKey": "VMWARE"
      }],
      "modificationTime": 1676589998717,
      "name": "SM Cluster Overall Status",
      "formula": "max([${this, metric=Super Metric|sm_aea41667-8725-48da-b05b-7dc51f11a6f8}, ${this, metric=Super Metric|sm_56d2aa1b-e4ea-4904-b41a-b7f1569f8e06}\n,${this, metric=Super Metric|sm_f71d9b18-11fc-4849-b4e6-17217fc788c5}, ${this, metric=Super Metric|sm_4a1613d9-287c-40ea-8a70-4b7cb97ee59f}, ${this, metric=Super Metric|sm_e13931f6-068e-41a1-9538-6b288646b062},${this, metric=Super Metric|sm_21073512-e5f4-4841-a231-93f6c6f962df},${this, metric=Super Metric|sm_231aa5a2-8e8f-4c2e-9306-80f5c17c904e},${this, metric=Super Metric|sm_6794b888-f44c-444d-bb61-f420a29a9376},${this, metric=Super Metric|sm_81066432-d8c8-47e4-a138-fa989db62c64}, ${this, metric=Super Metric|sm_87f97f01-8892-4fc8-947e-bee3d8d3917f},${this, metric=Super Metric|sm_4a1de09e-84d7-49b6-b76a-d3926dd63686}, ${this, metric=Super Metric|sm_2063f4b6-fbf1-4258-9c5c-dc4d20057e3e}, ${this, metric=Super Metric|sm_d63f9eab-f990-4a82-aa19-e86c9fe61056} ])",
      "description": "Rollup metric for all metrics collected in a cluster",
      "unitId": "",
      "modifiedBy": "48e01498-c8d8-402f-9252-890929c6d467"
   },
   "072d0b10-9dbe-4c4f-92e2-12026bfab7b5": {
      "resourceKinds": [{
         "resourceKindKey": "NSXTAdapterInstance",
         "adapterKindKey": "NSXTAdapter"
      }],
      "modificationTime": 1676408563646,
      "name": "SM General NSX",
      "formula": "max(${adaptertype=NSXTAdapter, objecttype=*, attribute=SOS General|alert_code, depth=8})\n",
      "description": "SOS General for NSX",
      "unitId": "",
      "modifiedBy": "48e01498-c8d8-402f-9252-890929c6d467"
   },
   "b2857516-a17b-4b2e-a3f3-e609db101c24": {
      "resourceKinds": [{
         "resourceKindKey": "NSXTAdapterInstance",
         "adapterKindKey": "NSXTAdapter"
      }],
      "modificationTime": 1676408563658,
      "name": "SM Passwords NSX",
      "formula": "max(${adaptertype=NSXTAdapter, objecttype=*, attribute=SOS Password Summary|alert_code, depth=8})",
      "description": "password expiry for NSX",
      "unitId": "",
      "modifiedBy": "48e01498-c8d8-402f-9252-890929c6d467"
   },
   "4a1de09e-84d7-49b6-b76a-d3926dd63686": {
      "resourceKinds": [
         {
            "resourceKindKey": "NSXTAdapterInstance",
            "adapterKindKey": "NSXTAdapter"
         },
         {
            "resourceKindKey": "ClusterComputeResource",
            "adapterKindKey": "VMWARE"
         }
      ],
      "modificationTime": 1676588888643,
      "name": "SM Backups status",
      "formula": "max([max(${adaptertype=VMWARE, objecttype=*, attribute=HRM Backup Status|alert_code, depth=8}), max(${adaptertype=NSXTAdapter, objecttype=*, attribute=HRM Backup Status|alert_code, depth=8})])",
      "description": "HRM Backups status",
      "unitId": "",
      "modifiedBy": "48e01498-c8d8-402f-9252-890929c6d467"
   },
   "2063f4b6-fbf1-4258-9c5c-dc4d20057e3e": {
      "resourceKinds": [
         {
            "resourceKindKey": "NSXTAdapterInstance",
            "adapterKindKey": "NSXTAdapter"
         },
         {
            "resourceKindKey": "ClusterComputeResource",
            "adapterKindKey": "VMWARE"
         }
      ],
      "modificationTime": 1676589257479,
      "name": "SM Snapshots health",
      "formula": "max([max(${adaptertype=VMWARE, objecttype=*, attribute=HRM Snapshot Status|alert_code, depth=8}), max(${adaptertype=NSXTAdapter, objecttype=*, attribute=HRM Snapshot Status|alert_code, depth=8})])",
      "description": "HRM Backups status",
      "unitId": "",
      "modifiedBy": "48e01498-c8d8-402f-9252-890929c6d467"
   },
   "3643068c-3bc6-475b-bbfa-45a6ae46be3c": {
      "resourceKinds": [{
         "resourceKindKey": "NSXTAdapterInstance",
         "adapterKindKey": "NSXTAdapter"
      }],
      "modificationTime": 1676408563680,
      "name": "SM Certificates NSX",
      "formula": "max(${adaptertype=NSXTAdapter, objecttype=*, attribute=SOS Certificate Health Summary|alert_code, depth=8})",
      "description": "SOS certificates for NSX",
      "unitId": "",
      "modifiedBy": "48e01498-c8d8-402f-9252-890929c6d467"
   },
   "14fe4cb5-4007-48ee-8928-029f6f201c3b": {
      "resourceKinds": [{
         "resourceKindKey": "NSXTAdapterInstance",
         "adapterKindKey": "NSXTAdapter"
      }],
      "modificationTime": 1676408563701,
      "name": "SM Services NSX",
      "formula": "max(${adaptertype=NSXTAdapter, objecttype=*, attribute=SOS Services Summary|alert_code, depth=8})",
      "description": "Services status ",
      "unitId": "",
      "modifiedBy": "48e01498-c8d8-402f-9252-890929c6d467"
   },
   "aea41667-8725-48da-b05b-7dc51f11a6f8": {
      "resourceKinds": [{
         "resourceKindKey": "ClusterComputeResource",
         "adapterKindKey": "VMWARE"
      }],
      "modificationTime": 1676408563715,
      "name": "SM Certificates vcadapter",
      "formula": "max(${adaptertype=VMWARE, objecttype=*, attribute=SOS Certificate Health Summary|alert_code, depth=8})",
      "description": "SOS Certificate status for vcdapter object types",
      "unitId": "",
      "modifiedBy": "48e01498-c8d8-402f-9252-890929c6d467"
   },
   "21073512-e5f4-4841-a231-93f6c6f962df": {
      "resourceKinds": [{
         "resourceKindKey": "ClusterComputeResource",
         "adapterKindKey": "VMWARE"
      }],
      "modificationTime": 1676408563734,
      "name": "SM Compute vcadapter",
      "formula": "max(${adaptertype=VMWARE, objecttype=*, attribute=SOS Compute Summary|alert_code, depth=8})\n",
      "description": "Compute for VC",
      "unitId": "",
      "modifiedBy": "48e01498-c8d8-402f-9252-890929c6d467"
   },
   "86e09c35-a0d1-4842-acf9-89fd360f3943": {
      "resourceKinds": [{
         "resourceKindKey": "NSXTAdapterInstance",
         "adapterKindKey": "NSXTAdapter"
      }],
      "modificationTime": 1676408563751,
      "name": "SM DNS NSX",
      "formula": "max([max(${adaptertype=NSXTAdapter, objecttype=*, attribute=SOS DNS Forward lookup Status Summary|alert_code, depth=8}), max(${adaptertype=NSXTAdapter, objecttype=*, attribute=SOS DNS Reverse lookup Status Summary|alert_code, depth=8})])",
      "description": "DNS status for NSX",
      "unitId": "",
      "modifiedBy": "48e01498-c8d8-402f-9252-890929c6d467"
   },
   "649ff777-2e13-4449-bff8-5dddd852f55d": {
      "resourceKinds": [{
         "resourceKindKey": "VMwareAdapter Instance",
         "adapterKindKey": "VMWARE"
      }],
      "modificationTime": 1676408563766,
      "name": "SM vCenter Status",
      "formula": "max(${adaptertype=VMWARE, objecttype=Datacenter, attribute=Super Metric|sm_7a281938-e3ff-422c-a049-57ecd0818696, depth=1})",
      "description": "Rollup metric for all datacenters in the vCenter ",
      "unitId": "",
      "modifiedBy": "48e01498-c8d8-402f-9252-890929c6d467"
   },
   "d63f9eab-f990-4a82-aa19-e86c9fe61056": {
      "resourceKinds": [{
         "resourceKindKey": "ClusterComputeResource",
         "adapterKindKey": "VMWARE"
      }],
      "modificationTime": 1676573882010,
      "name": "SM Storage Capacity",
      "formula": "max([max(${adaptertype=VMWARE, objecttype=*, attribute=HRM StorageCapacityHealth Status|alert_code, depth=8}), max(${adaptertype=VMWARE, objecttype=*, attribute=HRM StorageCapacityDatatoreHealth Status|alert_code, depth=8}), max(${adaptertype=VMWARE, objecttype=*, attribute=HRM StorageCapacityFilesystemHealth Status|alert_code, depth=8})])",
      "description": "HRM Storage Capacity",
      "unitId": "",
      "modifiedBy": "48e01498-c8d8-402f-9252-890929c6d467"
   },
   "d0782eb2-26e1-419b-be30-227a10c8007f": {
      "resourceKinds": [{
         "resourceKindKey": "NSXTAdapterInstance",
         "adapterKindKey": "NSXTAdapter"
      }],
      "modificationTime": 1676590126652,
      "name": "SM NSX overall status",
      "formula": "max([${this, metric=Super Metric|sm_3643068c-3bc6-475b-bbfa-45a6ae46be3c},${this, metric=Super Metric|sm_86e09c35-a0d1-4842-acf9-89fd360f3943},${this, metric=Super Metric|sm_cf8a23ce-a87a-4e06-8955-27d9ab085405},${this, metric=Super Metric|sm_b2857516-a17b-4b2e-a3f3-e609db101c24},${this, metric=Super Metric|sm_14fe4cb5-4007-48ee-8928-029f6f201c3b},${this, metric=Super Metric|sm_072d0b10-9dbe-4c4f-92e2-12026bfab7b5},${this, metric=Super Metric|sm_c86590e5-daef-4dcd-8cdc-a8cc74d5db0c},${this, metric=Super Metric|sm_4a1de09e-84d7-49b6-b76a-d3926dd63686}, ${this, metric=Super Metric|sm_2063f4b6-fbf1-4258-9c5c-dc4d20057e3e} ])",
      "description": "overall cluster status",
      "unitId": "",
      "modifiedBy": "48e01498-c8d8-402f-9252-890929c6d467"
   },
   "6794b888-f44c-444d-bb61-f420a29a9376": {
      "resourceKinds": [{
         "resourceKindKey": "ClusterComputeResource",
         "adapterKindKey": "VMWARE"
      }],
      "modificationTime": 1676408563800,
      "name": "SM General vcadapter",
      "formula": "max(${adaptertype=VMWARE, objecttype=*, attribute=SOS General|alert_code, depth=8})\n",
      "description": "SOS General for VCadapter",
      "unitId": "",
      "modifiedBy": "48e01498-c8d8-402f-9252-890929c6d467"
   },
   "7a281938-e3ff-422c-a049-57ecd0818696": {
      "resourceKinds": [{
         "resourceKindKey": "Datacenter",
         "adapterKindKey": "VMWARE"
      }],
      "modificationTime": 1676408563842,
      "name": "SM Datacenter status",
      "formula": "max(${adaptertype=VMWARE, objecttype=ClusterComputeResource, attribute=Super Metric|sm_41c1eeb2-0ed3-4bf9-a2d1-4aa8a45bd540, depth=3})",
      "description": "Rollup metric for all clusters in a datacenter",
      "unitId": "",
      "modifiedBy": "48e01498-c8d8-402f-9252-890929c6d467"
   },
   "c86590e5-daef-4dcd-8cdc-a8cc74d5db0c": {
      "resourceKinds": [{
         "resourceKindKey": "NSXTAdapterInstance",
         "adapterKindKey": "NSXTAdapter"
      }],
      "modificationTime": 1676408563854,
      "name": "SM Connectivity NSX",
      "formula": "max([${adaptertype=NSXTAdapter, objecttype=*, attribute=SOS Ping status|alert_code, depth=8}, ${adaptertype=NSXTAdapter, objecttype=*, attribute=SOS SSH Connectivity status|alert_code, depth=8},${adaptertype=NSXTAdapter, objecttype=*, attribute=SOS API Connectivity status|alert_code, depth=8}] )\n",
      "description": "Connectivity for NSX",
      "unitId": "",
      "modifiedBy": "48e01498-c8d8-402f-9252-890929c6d467"
   },
   "56d2aa1b-e4ea-4904-b41a-b7f1569f8e06": {
      "resourceKinds": [{
         "resourceKindKey": "ClusterComputeResource",
         "adapterKindKey": "VMWARE"
      }],
      "modificationTime": 1676408563868,
      "name": "SM DNS status",
      "formula": "max([max(${adaptertype=VMWARE, objecttype=*, attribute=SOS DNS Forward lookup Status Summary|alert_code, depth=8}), max(${adaptertype=VMWARE, objecttype=*, attribute=SOS DNS Reverse lookup Status Summary|alert_code, depth=8})])",
      "description": "SOS DNS status for vcdapter object types",
      "unitId": "",
      "modifiedBy": "48e01498-c8d8-402f-9252-890929c6d467"
   },
   "3d5c46d3-dc1f-4503-8b6d-fa1d575044f1": {
      "resourceKinds": [
         {
            "resourceKindKey": "SDDC VCF Workload World",
            "adapterKindKey": "SDDCHealthAdapter"
         },
         {
            "resourceKindKey": "SDDC VCF Management World",
            "adapterKindKey": "SDDCHealthAdapter"
         }
      ],
      "modificationTime": 1676408563882,
      "name": "SM VCF World Status",
      "formula": "max(${adaptertype=VMWARE, objecttype=VMwareAdapter Instance, attribute=Super Metric|sm_649ff777-2e13-4449-bff8-5dddd852f55d, depth=1})",
      "description": "Rollup Metric for all VC adapter instances under the VCF world - Management or Workload",
      "unitId": "",
      "modifiedBy": "48e01498-c8d8-402f-9252-890929c6d467"
   },
   "87f97f01-8892-4fc8-947e-bee3d8d3917f": {
      "resourceKinds": [{
         "resourceKindKey": "ClusterComputeResource",
         "adapterKindKey": "VMWARE"
      }],
      "modificationTime": 1676408563905,
      "name": "SM Hardware Compatibility vcadapter",
      "formula": "max([${this, metric=SOS Hardware Compatibility|Controller disk group mode is VMware certified|alert_code},${this, metric=SOS Hardware Compatibility|Controller driver is VMware certified|alert_code}, ${this, metric=SOS Hardware Compatibility|Controller firmware is VMware certified|alert_code},${this, metric=SOS Hardware Compatibility|Controller is VMware certified for ESXi release|alert_code}, ${this, metric=SOS Hardware Compatibility|SCSI controller is VMware certified|alert_code},${this, metric=SOS Hardware Compatibility|vSAN firmware version recommendation|alert_code},${this, metric=SOS Hardware Compatibility|vSAN HCL DB Auto Update|alert_code},${this, metric=SOS Hardware Compatibility|vSAN HCL DB up-to-date|alert_code}])",
      "description": "SOS hardware compatibility ",
      "unitId": "",
      "modifiedBy": "48e01498-c8d8-402f-9252-890929c6d467"
   },
   "231aa5a2-8e8f-4c2e-9306-80f5c17c904e": {
      "resourceKinds": [{
         "resourceKindKey": "ClusterComputeResource",
         "adapterKindKey": "VMWARE"
      }],
      "modificationTime": 1676408563813,
      "name": "SM Connectivity vcadapter",
      "formula": "max([${adaptertype=VMWARE, objecttype=*, attribute=SOS Ping status|alert_code, depth=8}, ${adaptertype=VMWARE, objecttype=*, attribute=SOS SSH Connectivity status|alert_code, depth=8},${adaptertype=VMWARE, objecttype=*, attribute=SOS API Connectivity status|alert_code, depth=8}] )\n",
      "description": "Connectivity for VC",
      "unitId": "",
      "modifiedBy": "48e01498-c8d8-402f-9252-890929c6d467"
   },
   "4a1613d9-287c-40ea-8a70-4b7cb97ee59f": {
      "resourceKinds": [{
         "resourceKindKey": "ClusterComputeResource",
         "adapterKindKey": "VMWARE"
      }],
      "modificationTime": 1676408563828,
      "name": "SM Passwords vcadapter",
      "formula": "max(${adaptertype=VMWARE, objecttype=*, attribute=SOS Password Summary|alert_code, depth=8})",
      "description": "SOS Password status for vcadapter object types",
      "unitId": "",
      "modifiedBy": "48e01498-c8d8-402f-9252-890929c6d467"
   },
  "e13931f6-068e-41a1-9538-6b288646b062": {
      "resourceKinds": [{
         "resourceKindKey": "ClusterComputeResource",
         "adapterKindKey": "VMWARE"
      }],
      "modificationTime": 1675475758500,
      "name": "SM Services vcadapter",
      "formula": "max(${adaptertype=VMWARE, objecttype=*, attribute=SOS Services Summary|alert_code, depth=8})",
      "description": "SOS Services status for vcadapter object types",
      "unitId": "",
      "modifiedBy": "ac9e0a97-b208-47f7-87b3-0a3b28026a90"
   },
   "cf8a23ce-a87a-4e06-8955-27d9ab085405": {
      "resourceKinds": [{
         "resourceKindKey": "NSXTAdapterInstance",
         "adapterKindKey": "NSXTAdapter"
      }],
      "modificationTime": 1675475758228,
      "name": "SM NTP NSX",
      "formula": "max(${adaptertype=NSXTAdapter, objecttype=*, attribute=SOS NTP Status Summary|alert_code, depth=8})",
      "description": "SOS NTP status for NSX",
      "unitId": "",
      "modifiedBy": "ac9e0a97-b208-47f7-87b3-0a3b28026a90"
   },
   "f71d9b18-11fc-4849-b4e6-17217fc788c5": {
      "resourceKinds": [{
         "resourceKindKey": "ClusterComputeResource",
         "adapterKindKey": "VMWARE"
      }],
      "modificationTime": 1675475758572,
      "name": "SM NTP vcadapter",
      "formula": "max(${adaptertype=VMWARE, objecttype=*, attribute=SOS NTP Status Summary|alert_code, depth=8})\n",
      "description": "SOS NTP status for vcdapter object types",
      "unitId": "",
      "modifiedBy": "ac9e0a97-b208-47f7-87b3-0a3b28026a90"
   }
   
}